序号,链接,节点数
0,https://EFgfUI.absslk.xyz/79d7954d225769221208d996769f2bb3,0
1,https://gist.githubusercontent.com/peasoft/7907a8ee2a4fa5e80cd1bd006664442c/raw/,1
2,https://gitlab.com/colloq168/nodefiltrate/-/raw/main/filtrate?ref_type=heads,0
3,https://r5YOQ4.mcsslk.xyz/1751b426e8562be43363761ccd356a68,0
4,https://raw.githubusercontent.com/Alvin9999/pac2/master/clash.meta2/1/config.yaml,0
5,https://raw.githubusercontent.com/Alvin9999/pac2/master/clash.meta2/13/config.yaml,0
6,https://raw.githubusercontent.com/Alvin9999/pac2/master/clash.meta2/15/config.yaml,0
7,https://raw.githubusercontent.com/Alvin9999/pac2/master/clash.meta2/2/config.yaml,0
8,https://raw.githubusercontent.com/Alvin9999/pac2/master/clash.meta2/config.yaml,0
9,https://raw.githubusercontent.com/Huibq/TrojanLinks/master/links/vmess,0
10,https://raw.githubusercontent.com/Surfboardv2ray/TGParse/main/python/hy2,9
11,https://raw.githubusercontent.com/Surfboardv2ray/TGParse/main/python/hysteria2,12
12,https://raw.githubusercontent.com/qjlxg/hy2/main/splitted/hy2,0
13,https://raw.githubusercontent.com/ripaojiedian/freenode/main/clash,17
14,https://raw.githubusercontent.com/ripaojiedian/freenode/main/sub,17
15,https://raw.githubusercontent.com/zhangkaiitugithub/passcro/main/speednodes.yaml,80

总计,,116
